{"_runtime": 74929.582543417, "train_loss": 1.2369639873504639, "lr": 0.0001, "_timestamp": 1778588537.5413241, "_step": 65918, "val_loss": 1.3174402594566346, "val_ppl": 3.7338514432899785}